URL,Status,Timestamp
https://boards.greenhouse.io/checkr/jobs/6755095,Success,2025-04-10 00:07:44
https://boards.greenhouse.io/embed/job_app,Failed,2025-04-10 00:08:34
https://boards.greenhouse.io/xpengmotors/jobs/7813393002,Success,2025-04-10 00:10:39
https://boards.greenhouse.io/flex/jobs/4551951005,Success,2025-04-10 00:12:18
https://boards.greenhouse.io/thousandeyes/jobs/6722033,Success,2025-04-10 00:14:24
https://boards.greenhouse.io/prophecysimpledatalabs/jobs/4647357007,Success,2025-04-10 00:15:23
https://boards.greenhouse.io/betterhelpcom/jobs/4520061008,Success,2025-04-10 00:17:22
https://boards.greenhouse.io/xpengmotors/jobs/7431104002,Success,2025-04-10 00:19:44
https://boards.greenhouse.io/embed/job_app,Failed,2025-04-10 00:20:44
